grass images/grass.png
grass_flowers images/grass_flowers.png
grass_mushrooms images/grass_mushrooms1.png
grass_mushrooms2 images/grass_mushrooms2.png
grass_mushrooms3 images/grass_mushrooms3.png
footsteps1 images/footsteps1.png
footsteps2 images/footsteps2.png
footsteps3 images/footsteps3.png
grass_path_left images/grass_path_left.png
grass_path_right images/grass_path_right.png
grass_path_bottom images/grass_path_bottom.png
grass_path_top images/grass_path_top.png
grass_path_bottom_left images/grass_path_bottom_left.png
grass_path_bottom_right images/grass_path_bottom_right.png
grass_path_top_left images/grass_path_top_left.png
grass_path_top_right images/grass_path_top_right.png
grass_path_corner_bottom_left images/grass_path_corner_bottom_left.png
grass_path_corner_bottom_right images/grass_path_corner_bottom_right.png
grass_path_corner_top_left images/grass_path_corner_top_left.png
grass_path_corner_top_right images/grass_path_corner_top_right.png
water_edge images/water_edge.png
water_tile images/water.png
bridge_horizontal images/bridge_horizontal.png
bridge_vertical images/bridge_vertical.png
dude images/dude1.png
dude images/dude2.png
dude images/dude3.png
dude images/dude4.png
dude_carry images/dude_carry1.png
dude_carry images/dude_carry2.png
fairy images/fairy1.png
fairy images/fairy2.png
fairy images/fairy3.png
fairy images/fairy4.png
house images/house.png
mushroom images/mushroom.png
water images/water_masked.png
sapling images/sapling1.png
sapling images/sapling2.png
sapling images/sapling3.png
sapling images/sapling4.png
sapling images/sapling5.png
stump images/stump.png
tree images/tree1.png
tree images/tree2.png
tree images/tree3.png
tree images/tree4.png
tree images/tree5.png
shroomDude images/ShroomDude1.png
shroomDude images/ShroomDude2.png
shroomDude images/ShroomDude3.png
shroomDude images/ShroomDude4.png
shroomDude images/ShroomDude5.png
shroomDude images/ShroomDude6.png
shroomDude images/ShroomDude7.png
shroomDude images/ShroomDude8.png
gnome images/gnome1.png
gnome images/gnome2.png
ent images/Ent1.png
ent images/Ent2.png
harpoon_R images/Harpoon_R.png
harpoon_L images/Harpoon_L.png
harpoon_U images/Harpoon_U.png
harpoon_D images/Harpoon_D.png
bloodygrass images/bloodygrass.png
slug images/slug1.png
slug images/slug2.png
slimeygrass images/slimeygrass.png